{"cameraMode":{"drawMode":0,"name":"Shaded","section":"Shading Mode"},"sceneLighting":false,"audioPlay":false,"sceneViewState":{"showFog":false,"showMaterialUpdate":false,"showSkybox":false,"showFlares":false,"showImageEffects":false,"showParticleSystems":false},"in2DMode":false,"pivot":{"x":0.0,"y":0.30000045895576479,"z":-2.9802322387695315e-8},"rotation":{"x":0.47581979632377627,"y":0.00528042484074831,"z":-0.002848732750862837,"w":0.8795376420021057},"size":1.623585820198059,"orthographic":false}