{"cameraMode":{"drawMode":0,"name":"Shaded","section":"Shading Mode"},"sceneLighting":false,"audioPlay":false,"sceneViewState":{"showFog":false,"showMaterialUpdate":false,"showSkybox":false,"showFlares":false,"showImageEffects":false,"showParticleSystems":false},"in2DMode":false,"pivot":{"x":0.0,"y":1.5036554336547852,"z":0.029673218727111818},"rotation":{"x":0.4540878236293793,"y":-0.041403092443943027,"z":0.02113024704158306,"w":0.8897467851638794},"size":8.826478004455567,"orthographic":false}