{"cameraMode":{"drawMode":0,"name":"Shaded","section":"Shading Mode"},"sceneLighting":true,"audioPlay":false,"sceneViewState":{"showFog":false,"showMaterialUpdate":false,"showSkybox":false,"showFlares":false,"showImageEffects":false,"showParticleSystems":false},"in2DMode":false,"pivot":{"x":79.83415985107422,"y":19.343910217285158,"z":-43.88264465332031},"rotation":{"x":0.49418389797210696,"y":0.0026080822572112085,"z":-0.0014825729886069894,"w":0.869353175163269},"size":72.81793975830078,"orthographic":false}