{"cameraMode":{"drawMode":0,"name":"Shaded","section":"Shading Mode"},"sceneLighting":false,"audioPlay":false,"sceneViewState":{"showFog":false,"showMaterialUpdate":false,"showSkybox":false,"showFlares":false,"showImageEffects":false,"showParticleSystems":false},"in2DMode":false,"pivot":{"x":0.020223140716552736,"y":1.5699095726013184,"z":-0.03868889808654785},"rotation":{"x":0.3569336533546448,"y":0.255709171295166,"z":-0.10225145518779755,"w":0.8926141858100891},"size":7.586245059967041,"orthographic":false}