{"cameraMode":{"drawMode":0,"name":"Shaded","section":"Shading Mode"},"sceneLighting":false,"audioPlay":false,"sceneViewState":{"showFog":false,"showMaterialUpdate":false,"showSkybox":false,"showFlares":false,"showImageEffects":false,"showParticleSystems":false},"in2DMode":false,"pivot":{"x":0.0,"y":-0.1000017374753952,"z":-0.0000057220458984375},"rotation":{"x":0.3569336533546448,"y":0.255709171295166,"z":-0.10225145518779755,"w":0.8926141858100891},"size":46.670223236083987,"orthographic":false}