{"cameraMode":{"drawMode":0,"name":"Shaded","section":"Shading Mode"},"sceneLighting":false,"audioPlay":false,"sceneViewState":{"showFog":false,"showMaterialUpdate":false,"showSkybox":false,"showFlares":false,"showImageEffects":false,"showParticleSystems":false},"in2DMode":false,"pivot":{"x":0.1282954216003418,"y":3.0264036655426027,"z":2.384185791015625e-7},"rotation":{"x":0.3569336533546448,"y":0.255709171295166,"z":-0.10225145518779755,"w":0.8926141858100891},"size":12.585494041442871,"orthographic":false}