{"cameraMode":{"drawMode":0,"name":"Shaded","section":"Shading Mode"},"sceneLighting":false,"audioPlay":false,"sceneViewState":{"showFog":false,"showMaterialUpdate":false,"showSkybox":false,"showFlares":false,"showImageEffects":false,"showParticleSystems":false},"in2DMode":false,"pivot":{"x":-4.76837158203125e-7,"y":0.30000072717666628,"z":-4.470348358154297e-7},"rotation":{"x":0.47581979632377627,"y":0.00528042484074831,"z":-0.002848732750862837,"w":0.8795376420021057},"size":5.14932107925415,"orthographic":false}